Mutation,Sequence
aaawildtype,klhkepatlikaidgdtvklmykgqpmtfrlllvdtpetkhpkkgvekygpeasaftkkmvenakkievefdkgqrtdkygrglayiyadgkmvnealvrqglakvayvykpnntheqhlrkseaqakkeklniwsednadsgq
D19A,klhkepatlikaiAgdtvklmykgqpmtfrlllvdtpetkhpkkgvekygpeasaftkkmvenakkievefdkgqrtdkygrglayiyadgkmvnealvrqglakvayvykpnntheqhlrkseaqakkeklniwsednadsgq
D19G,klhkepatlikaiGgdtvklmykgqpmtfrlllvdtpetkhpkkgvekygpeasaftkkmvenakkievefdkgqrtdkygrglayiyadgkmvnealvrqglakvayvykpnntheqhlrkseaqakkeklniwsednadsgq
D21A,klhkepatlikaidgAtvklmykgqpmtfrlllvdtpetkhpkkgvekygpeasaftkkmvenakkievefdkgqrtdkygrglayiyadgkmvnealvrqglakvayvykpnntheqhlrkseaqakkeklniwsednadsgq
D21G,klhkepatlikaidgGtvklmykgqpmtfrlllvdtpetkhpkkgvekygpeasaftkkmvenakkievefdkgqrtdkygrglayiyadgkmvnealvrqglakvayvykpnntheqhlrkseaqakkeklniwsednadsgq
D40A,klhkepatlikaidgdtvklmykgqpmtfrlllvAtpetkhpkkgvekygpeasaftkkmvenakkievefdkgqrtdkygrglayiyadgkmvnealvrqglakvayvykpnntheqhlrkseaqakkeklniwsednadsgq
D40G,klhkepatlikaidgdtvklmykgqpmtfrlllvGtpetkhpkkgvekygpeasaftkkmvenakkievefdkgqrtdkygrglayiyadgkmvnealvrqglakvayvykpnntheqhlrkseaqakkeklniwsednadsgq
D77A,klhkepatlikaidgdtvklmykgqpmtfrlllvdtpetkhpkkgvekygpeasaftkkmvenakkievefAkgqrtdkygrglayiyadgkmvnealvrqglakvayvykpnntheqhlrkseaqakkeklniwsednadsgq
D77G,klhkepatlikaidgdtvklmykgqpmtfrlllvdtpetkhpkkgvekygpeasaftkkmvenakkievefGkgqrtdkygrglayiyadgkmvnealvrqglakvayvykpnntheqhlrkseaqakkeklniwsednadsgq
D83A,klhkepatlikaidgdtvklmykgqpmtfrlllvdtpetkhpkkgvekygpeasaftkkmvenakkievefdkgqrtAkygrglayiyadgkmvnealvrqglakvayvykpnntheqhlrkseaqakkeklniwsednadsgq
D83G,klhkepatlikaidgdtvklmykgqpmtfrlllvdtpetkhpkkgvekygpeasaftkkmvenakkievefdkgqrtGkygrglayiyadgkmvnealvrqglakvayvykpnntheqhlrkseaqakkeklniwsednadsgq
D95A,klhkepatlikaidgdtvklmykgqpmtfrlllvdtpetkhpkkgvekygpeasaftkkmvenakkievefdkgqrtdkygrglayiyaAgkmvnealvrqglakvayvykpnntheqhlrkseaqakkeklniwsednadsgq
D95G,klhkepatlikaidgdtvklmykgqpmtfrlllvdtpetkhpkkgvekygpeasaftkkmvenakkievefdkgqrtdkygrglayiyaGgkmvnealvrqglakvayvykpnntheqhlrkseaqakkeklniwsednadsgq
E10A,klhkApatlikaidgdtvklmykgqpmtfrlllvdtpetkhpkkgvekygpeasaftkkmvenakkievefdkgqrtdkygrglayiyadgkmvnealvrqglakvayvykpnntheqhlrkseaqakkeklniwsednadsgq
E10G,klhkGpatlikaidgdtvklmykgqpmtfrlllvdtpetkhpkkgvekygpeasaftkkmvenakkievefdkgqrtdkygrglayiyadgkmvnealvrqglakvayvykpnntheqhlrkseaqakkeklniwsednadsgq
E43A,klhkepatlikaidgdtvklmykgqpmtfrlllvdtpAtkhpkkgvekygpeasaftkkmvenakkievefdkgqrtdkygrglayiyadgkmvnealvrqglakvayvykpnntheqhlrkseaqakkeklniwsednadsgq
E43G,klhkepatlikaidgdtvklmykgqpmtfrlllvdtpGtkhpkkgvekygpeasaftkkmvenakkievefdkgqrtdkygrglayiyadgkmvnealvrqglakvayvykpnntheqhlrkseaqakkeklniwsednadsgq
E52A,klhkepatlikaidgdtvklmykgqpmtfrlllvdtpetkhpkkgvAkygpeasaftkkmvenakkievefdkgqrtdkygrglayiyadgkmvnealvrqglakvayvykpnntheqhlrkseaqakkeklniwsednadsgq
E52G,klhkepatlikaidgdtvklmykgqpmtfrlllvdtpetkhpkkgvGkygpeasaftkkmvenakkievefdkgqrtdkygrglayiyadgkmvnealvrqglakvayvykpnntheqhlrkseaqakkeklniwsednadsgq
E57A,klhkepatlikaidgdtvklmykgqpmtfrlllvdtpetkhpkkgvekygpAasaftkkmvenakkievefdkgqrtdkygrglayiyadgkmvnealvrqglakvayvykpnntheqhlrkseaqakkeklniwsednadsgq
E57G,klhkepatlikaidgdtvklmykgqpmtfrlllvdtpetkhpkkgvekygpGasaftkkmvenakkievefdkgqrtdkygrglayiyadgkmvnealvrqglakvayvykpnntheqhlrkseaqakkeklniwsednadsgq
E67A,klhkepatlikaidgdtvklmykgqpmtfrlllvdtpetkhpkkgvekygpeasaftkkmvAnakkievefdkgqrtdkygrglayiyadgkmvnealvrqglakvayvykpnntheqhlrkseaqakkeklniwsednadsgq
E67G,klhkepatlikaidgdtvklmykgqpmtfrlllvdtpetkhpkkgvekygpeasaftkkmvGnakkievefdkgqrtdkygrglayiyadgkmvnealvrqglakvayvykpnntheqhlrkseaqakkeklniwsednadsgq
E73A,klhkepatlikaidgdtvklmykgqpmtfrlllvdtpetkhpkkgvekygpeasaftkkmvenakkiAvefdkgqrtdkygrglayiyadgkmvnealvrqglakvayvykpnntheqhlrkseaqakkeklniwsednadsgq
E73G,klhkepatlikaidgdtvklmykgqpmtfrlllvdtpetkhpkkgvekygpeasaftkkmvenakkiGvefdkgqrtdkygrglayiyadgkmvnealvrqglakvayvykpnntheqhlrkseaqakkeklniwsednadsgq
E75A,klhkepatlikaidgdtvklmykgqpmtfrlllvdtpetkhpkkgvekygpeasaftkkmvenakkievAfdkgqrtdkygrglayiyadgkmvnealvrqglakvayvykpnntheqhlrkseaqakkeklniwsednadsgq
E75G,klhkepatlikaidgdtvklmykgqpmtfrlllvdtpetkhpkkgvekygpeasaftkkmvenakkievGfdkgqrtdkygrglayiyadgkmvnealvrqglakvayvykpnntheqhlrkseaqakkeklniwsednadsgq
E101A,klhkepatlikaidgdtvklmykgqpmtfrlllvdtpetkhpkkgvekygpeasaftkkmvenakkievefdkgqrtdkygrglayiyadgkmvnAalvrqglakvayvykpnntheqhlrkseaqakkeklniwsednadsgq
E101G,klhkepatlikaidgdtvklmykgqpmtfrlllvdtpetkhpkkgvekygpeasaftkkmvenakkievefdkgqrtdkygrglayiyadgkmvnGalvrqglakvayvykpnntheqhlrkseaqakkeklniwsednadsgq
E122A,klhkepatlikaidgdtvklmykgqpmtfrlllvdtpetkhpkkgvekygpeasaftkkmvenakkievefdkgqrtdkygrglayiyadgkmvnealvrqglakvayvykpnnthAqhlrkseaqakkeklniwsednadsgq
E122G,klhkepatlikaidgdtvklmykgqpmtfrlllvdtpetkhpkkgvekygpeasaftkkmvenakkievefdkgqrtdkygrglayiyadgkmvnealvrqglakvayvykpnnthGqhlrkseaqakkeklniwsednadsgq
E129A,klhkepatlikaidgdtvklmykgqpmtfrlllvdtpetkhpkkgvekygpeasaftkkmvenakkievefdkgqrtdkygrglayiyadgkmvnealvrqglakvayvykpnntheqhlrksAaqakkeklniwsednadsgq
E129G,klhkepatlikaidgdtvklmykgqpmtfrlllvdtpetkhpkkgvekygpeasaftkkmvenakkievefdkgqrtdkygrglayiyadgkmvnealvrqglakvayvykpnntheqhlrksGaqakkeklniwsednadsgq
E135A,klhkepatlikaidgdtvklmykgqpmtfrlllvdtpetkhpkkgvekygpeasaftkkmvenakkievefdkgqrtdkygrglayiyadgkmvnealvrqglakvayvykpnntheqhlrkseaqakkAklniwsednadsgq
E135G,klhkepatlikaidgdtvklmykgqpmtfrlllvdtpetkhpkkgvekygpeasaftkkmvenakkievefdkgqrtdkygrglayiyadgkmvnealvrqglakvayvykpnntheqhlrkseaqakkGklniwsednadsgq
K6A,Alhkepatlikaidgdtvklmykgqpmtfrlllvdtpetkhpkkgvekygpeasaftkkmvenakkievefdkgqrtdkygrglayiyadgkmvnealvrqglakvayvykpnntheqhlrkseaqakkeklniwsednadsgq
K6G,Glhkepatlikaidgdtvklmykgqpmtfrlllvdtpetkhpkkgvekygpeasaftkkmvenakkievefdkgqrtdkygrglayiyadgkmvnealvrqglakvayvykpnntheqhlrkseaqakkeklniwsednadsgq
K9A,klhAepatlikaidgdtvklmykgqpmtfrlllvdtpetkhpkkgvekygpeasaftkkmvenakkievefdkgqrtdkygrglayiyadgkmvnealvrqglakvayvykpnntheqhlrkseaqakkeklniwsednadsgq
K9G,klhGepatlikaidgdtvklmykgqpmtfrlllvdtpetkhpkkgvekygpeasaftkkmvenakkievefdkgqrtdkygrglayiyadgkmvnealvrqglakvayvykpnntheqhlrkseaqakkeklniwsednadsgq
K16A,klhkepatliAaidgdtvklmykgqpmtfrlllvdtpetkhpkkgvekygpeasaftkkmvenakkievefdkgqrtdkygrglayiyadgkmvnealvrqglakvayvykpnntheqhlrkseaqakkeklniwsednadsgq
K16G,klhkepatliGaidgdtvklmykgqpmtfrlllvdtpetkhpkkgvekygpeasaftkkmvenakkievefdkgqrtdkygrglayiyadgkmvnealvrqglakvayvykpnntheqhlrkseaqakkeklniwsednadsgq
K24A,klhkepatlikaidgdtvAlmykgqpmtfrlllvdtpetkhpkkgvekygpeasaftkkmvenakkievefdkgqrtdkygrglayiyadgkmvnealvrqglakvayvykpnntheqhlrkseaqakkeklniwsednadsgq
K24G,klhkepatlikaidgdtvGlmykgqpmtfrlllvdtpetkhpkkgvekygpeasaftkkmvenakkievefdkgqrtdkygrglayiyadgkmvnealvrqglakvayvykpnntheqhlrkseaqakkeklniwsednadsgq
K28A,klhkepatlikaidgdtvklmyAgqpmtfrlllvdtpetkhpkkgvekygpeasaftkkmvenakkievefdkgqrtdkygrglayiyadgkmvnealvrqglakvayvykpnntheqhlrkseaqakkeklniwsednadsgq
K28G,klhkepatlikaidgdtvklmyGgqpmtfrlllvdtpetkhpkkgvekygpeasaftkkmvenakkievefdkgqrtdkygrglayiyadgkmvnealvrqglakvayvykpnntheqhlrkseaqakkeklniwsednadsgq
K45A,klhkepatlikaidgdtvklmykgqpmtfrlllvdtpetAhpkkgvekygpeasaftkkmvenakkievefdkgqrtdkygrglayiyadgkmvnealvrqglakvayvykpnntheqhlrkseaqakkeklniwsednadsgq
K45G,klhkepatlikaidgdtvklmykgqpmtfrlllvdtpetGhpkkgvekygpeasaftkkmvenakkievefdkgqrtdkygrglayiyadgkmvnealvrqglakvayvykpnntheqhlrkseaqakkeklniwsednadsgq
K48A,klhkepatlikaidgdtvklmykgqpmtfrlllvdtpetkhpAkgvekygpeasaftkkmvenakkievefdkgqrtdkygrglayiyadgkmvnealvrqglakvayvykpnntheqhlrkseaqakkeklniwsednadsgq
K48G,klhkepatlikaidgdtvklmykgqpmtfrlllvdtpetkhpGkgvekygpeasaftkkmvenakkievefdkgqrtdkygrglayiyadgkmvnealvrqglakvayvykpnntheqhlrkseaqakkeklniwsednadsgq
K49A,klhkepatlikaidgdtvklmykgqpmtfrlllvdtpetkhpkAgvekygpeasaftkkmvenakkievefdkgqrtdkygrglayiyadgkmvnealvrqglakvayvykpnntheqhlrkseaqakkeklniwsednadsgq
K49G,klhkepatlikaidgdtvklmykgqpmtfrlllvdtpetkhpkGgvekygpeasaftkkmvenakkievefdkgqrtdkygrglayiyadgkmvnealvrqglakvayvykpnntheqhlrkseaqakkeklniwsednadsgq
K53A,klhkepatlikaidgdtvklmykgqpmtfrlllvdtpetkhpkkgveAygpeasaftkkmvenakkievefdkgqrtdkygrglayiyadgkmvnealvrqglakvayvykpnntheqhlrkseaqakkeklniwsednadsgq
K53G,klhkepatlikaidgdtvklmykgqpmtfrlllvdtpetkhpkkgveGygpeasaftkkmvenakkievefdkgqrtdkygrglayiyadgkmvnealvrqglakvayvykpnntheqhlrkseaqakkeklniwsednadsgq
K63A,klhkepatlikaidgdtvklmykgqpmtfrlllvdtpetkhpkkgvekygpeasaftAkmvenakkievefdkgqrtdkygrglayiyadgkmvnealvrqglakvayvykpnntheqhlrkseaqakkeklniwsednadsgq
K63G,klhkepatlikaidgdtvklmykgqpmtfrlllvdtpetkhpkkgvekygpeasaftGkmvenakkievefdkgqrtdkygrglayiyadgkmvnealvrqglakvayvykpnntheqhlrkseaqakkeklniwsednadsgq
K64A,klhkepatlikaidgdtvklmykgqpmtfrlllvdtpetkhpkkgvekygpeasaftkAmvenakkievefdkgqrtdkygrglayiyadgkmvnealvrqglakvayvykpnntheqhlrkseaqakkeklniwsednadsgq
K64G,klhkepatlikaidgdtvklmykgqpmtfrlllvdtpetkhpkkgvekygpeasaftkGmvenakkievefdkgqrtdkygrglayiyadgkmvnealvrqglakvayvykpnntheqhlrkseaqakkeklniwsednadsgq
K70A,klhkepatlikaidgdtvklmykgqpmtfrlllvdtpetkhpkkgvekygpeasaftkkmvenaAkievefdkgqrtdkygrglayiyadgkmvnealvrqglakvayvykpnntheqhlrkseaqakkeklniwsednadsgq
K70G,klhkepatlikaidgdtvklmykgqpmtfrlllvdtpetkhpkkgvekygpeasaftkkmvenaGkievefdkgqrtdkygrglayiyadgkmvnealvrqglakvayvykpnntheqhlrkseaqakkeklniwsednadsgq
K71A,klhkepatlikaidgdtvklmykgqpmtfrlllvdtpetkhpkkgvekygpeasaftkkmvenakAievefdkgqrtdkygrglayiyadgkmvnealvrqglakvayvykpnntheqhlrkseaqakkeklniwsednadsgq
K71G,klhkepatlikaidgdtvklmykgqpmtfrlllvdtpetkhpkkgvekygpeasaftkkmvenakGievefdkgqrtdkygrglayiyadgkmvnealvrqglakvayvykpnntheqhlrkseaqakkeklniwsednadsgq
K78A,klhkepatlikaidgdtvklmykgqpmtfrlllvdtpetkhpkkgvekygpeasaftkkmvenakkievefdAgqrtdkygrglayiyadgkmvnealvrqglakvayvykpnntheqhlrkseaqakkeklniwsednadsgq
K78G,klhkepatlikaidgdtvklmykgqpmtfrlllvdtpetkhpkkgvekygpeasaftkkmvenakkievefdGgqrtdkygrglayiyadgkmvnealvrqglakvayvykpnntheqhlrkseaqakkeklniwsednadsgq
K84A,klhkepatlikaidgdtvklmykgqpmtfrlllvdtpetkhpkkgvekygpeasaftkkmvenakkievefdkgqrtdAygrglayiyadgkmvnealvrqglakvayvykpnntheqhlrkseaqakkeklniwsednadsgq
K84G,klhkepatlikaidgdtvklmykgqpmtfrlllvdtpetkhpkkgvekygpeasaftkkmvenakkievefdkgqrtdGygrglayiyadgkmvnealvrqglakvayvykpnntheqhlrkseaqakkeklniwsednadsgq
K97A,klhkepatlikaidgdtvklmykgqpmtfrlllvdtpetkhpkkgvekygpeasaftkkmvenakkievefdkgqrtdkygrglayiyadgAmvnealvrqglakvayvykpnntheqhlrkseaqakkeklniwsednadsgq
K97G,klhkepatlikaidgdtvklmykgqpmtfrlllvdtpetkhpkkgvekygpeasaftkkmvenakkievefdkgqrtdkygrglayiyadgGmvnealvrqglakvayvykpnntheqhlrkseaqakkeklniwsednadsgq
K110A,klhkepatlikaidgdtvklmykgqpmtfrlllvdtpetkhpkkgvekygpeasaftkkmvenakkievefdkgqrtdkygrglayiyadgkmvnealvrqglaAvayvykpnntheqhlrkseaqakkeklniwsednadsgq
K110G,klhkepatlikaidgdtvklmykgqpmtfrlllvdtpetkhpkkgvekygpeasaftkkmvenakkievefdkgqrtdkygrglayiyadgkmvnealvrqglaGvayvykpnntheqhlrkseaqakkeklniwsednadsgq
K116A,klhkepatlikaidgdtvklmykgqpmtfrlllvdtpetkhpkkgvekygpeasaftkkmvenakkievefdkgqrtdkygrglayiyadgkmvnealvrqglakvayvyApnntheqhlrkseaqakkeklniwsednadsgq
K116G,klhkepatlikaidgdtvklmykgqpmtfrlllvdtpetkhpkkgvekygpeasaftkkmvenakkievefdkgqrtdkygrglayiyadgkmvnealvrqglakvayvyGpnntheqhlrkseaqakkeklniwsednadsgq
K127A,klhkepatlikaidgdtvklmykgqpmtfrlllvdtpetkhpkkgvekygpeasaftkkmvenakkievefdkgqrtdkygrglayiyadgkmvnealvrqglakvayvykpnntheqhlrAseaqakkeklniwsednadsgq
K127G,klhkepatlikaidgdtvklmykgqpmtfrlllvdtpetkhpkkgvekygpeasaftkkmvenakkievefdkgqrtdkygrglayiyadgkmvnealvrqglakvayvykpnntheqhlrGseaqakkeklniwsednadsgq
K133A,klhkepatlikaidgdtvklmykgqpmtfrlllvdtpetkhpkkgvekygpeasaftkkmvenakkievefdkgqrtdkygrglayiyadgkmvnealvrqglakvayvykpnntheqhlrkseaqaAkeklniwsednadsgq
K133G,klhkepatlikaidgdtvklmykgqpmtfrlllvdtpetkhpkkgvekygpeasaftkkmvenakkievefdkgqrtdkygrglayiyadgkmvnealvrqglakvayvykpnntheqhlrkseaqaGkeklniwsednadsgq
K134A,klhkepatlikaidgdtvklmykgqpmtfrlllvdtpetkhpkkgvekygpeasaftkkmvenakkievefdkgqrtdkygrglayiyadgkmvnealvrqglakvayvykpnntheqhlrkseaqakAeklniwsednadsgq
K134G,klhkepatlikaidgdtvklmykgqpmtfrlllvdtpetkhpkkgvekygpeasaftkkmvenakkievefdkgqrtdkygrglayiyadgkmvnealvrqglakvayvykpnntheqhlrkseaqakGeklniwsednadsgq
K136A,klhkepatlikaidgdtvklmykgqpmtfrlllvdtpetkhpkkgvekygpeasaftkkmvenakkievefdkgqrtdkygrglayiyadgkmvnealvrqglakvayvykpnntheqhlrkseaqakkeAlniwsednadsgq
K136G,klhkepatlikaidgdtvklmykgqpmtfrlllvdtpetkhpkkgvekygpeasaftkkmvenakkievefdkgqrtdkygrglayiyadgkmvnealvrqglakvayvykpnntheqhlrkseaqakkeGlniwsednadsgq
H8A,klAkepatlikaidgdtvklmykgqpmtfrlllvdtpetkhpkkgvekygpeasaftkkmvenakkievefdkgqrtdkygrglayiyadgkmvnealvrqglakvayvykpnntheqhlrkseaqakkeklniwsednadsgq
H8G,klGkepatlikaidgdtvklmykgqpmtfrlllvdtpetkhpkkgvekygpeasaftkkmvenakkievefdkgqrtdkygrglayiyadgkmvnealvrqglakvayvykpnntheqhlrkseaqakkeklniwsednadsgq
H46A,klhkepatlikaidgdtvklmykgqpmtfrlllvdtpetkApkkgvekygpeasaftkkmvenakkievefdkgqrtdkygrglayiyadgkmvnealvrqglakvayvykpnntheqhlrkseaqakkeklniwsednadsgq
H46G,klhkepatlikaidgdtvklmykgqpmtfrlllvdtpetkGpkkgvekygpeasaftkkmvenakkievefdkgqrtdkygrglayiyadgkmvnealvrqglakvayvykpnntheqhlrkseaqakkeklniwsednadsgq
H121A,klhkepatlikaidgdtvklmykgqpmtfrlllvdtpetkhpkkgvekygpeasaftkkmvenakkievefdkgqrtdkygrglayiyadgkmvnealvrqglakvayvykpnntAeqhlrkseaqakkeklniwsednadsgq
H121G,klhkepatlikaidgdtvklmykgqpmtfrlllvdtpetkhpkkgvekygpeasaftkkmvenakkievefdkgqrtdkygrglayiyadgkmvnealvrqglakvayvykpnntGeqhlrkseaqakkeklniwsednadsgq
H124A,klhkepatlikaidgdtvklmykgqpmtfrlllvdtpetkhpkkgvekygpeasaftkkmvenakkievefdkgqrtdkygrglayiyadgkmvnealvrqglakvayvykpnntheqAlrkseaqakkeklniwsednadsgq
H124G,klhkepatlikaidgdtvklmykgqpmtfrlllvdtpetkhpkkgvekygpeasaftkkmvenakkievefdkgqrtdkygrglayiyadgkmvnealvrqglakvayvykpnntheqGlrkseaqakkeklniwsednadsgq
R35A,klhkepatlikaidgdtvklmykgqpmtfAlllvdtpetkhpkkgvekygpeasaftkkmvenakkievefdkgqrtdkygrglayiyadgkmvnealvrqglakvayvykpnntheqhlrkseaqakkeklniwsednadsgq
R35G,klhkepatlikaidgdtvklmykgqpmtfGlllvdtpetkhpkkgvekygpeasaftkkmvenakkievefdkgqrtdkygrglayiyadgkmvnealvrqglakvayvykpnntheqhlrkseaqakkeklniwsednadsgq
R81A,klhkepatlikaidgdtvklmykgqpmtfrlllvdtpetkhpkkgvekygpeasaftkkmvenakkievefdkgqAtdkygrglayiyadgkmvnealvrqglakvayvykpnntheqhlrkseaqakkeklniwsednadsgq
R81G,klhkepatlikaidgdtvklmykgqpmtfrlllvdtpetkhpkkgvekygpeasaftkkmvenakkievefdkgqGtdkygrglayiyadgkmvnealvrqglakvayvykpnntheqhlrkseaqakkeklniwsednadsgq
R87A,klhkepatlikaidgdtvklmykgqpmtfrlllvdtpetkhpkkgvekygpeasaftkkmvenakkievefdkgqrtdkygAglayiyadgkmvnealvrqglakvayvykpnntheqhlrkseaqakkeklniwsednadsgq
R87G,klhkepatlikaidgdtvklmykgqpmtfrlllvdtpetkhpkkgvekygpeasaftkkmvenakkievefdkgqrtdkygGglayiyadgkmvnealvrqglakvayvykpnntheqhlrkseaqakkeklniwsednadsgq
R105A,klhkepatlikaidgdtvklmykgqpmtfrlllvdtpetkhpkkgvekygpeasaftkkmvenakkievefdkgqrtdkygrglayiyadgkmvnealvAqglakvayvykpnntheqhlrkseaqakkeklniwsednadsgq
R105G,klhkepatlikaidgdtvklmykgqpmtfrlllvdtpetkhpkkgvekygpeasaftkkmvenakkievefdkgqrtdkygrglayiyadgkmvnealvGqglakvayvykpnntheqhlrkseaqakkeklniwsednadsgq
R126A,klhkepatlikaidgdtvklmykgqpmtfrlllvdtpetkhpkkgvekygpeasaftkkmvenakkievefdkgqrtdkygrglayiyadgkmvnealvrqglakvayvykpnntheqhlAkseaqakkeklniwsednadsgq
R126G,klhkepatlikaidgdtvklmykgqpmtfrlllvdtpetkhpkkgvekygpeasaftkkmvenakkievefdkgqrtdkygrglayiyadgkmvnealvrqglakvayvykpnntheqhlGkseaqakkeklniwsednadsgq
